"rls_sci_name";"GG_ref_nb";"GG_ref_cit"
"Abalistes stellatus";262;3579
"Abudefduf abdominalis";407;15899
"Abudefduf bengalensis";270;6097
"Abudefduf concolor";96;1653
"Abudefduf conformis";14;67
"Abudefduf notatus";111;1734
"Abudefduf saxatilis";2130;69868
"Abudefduf septemfasciatus";232;4910
"Abudefduf sexfasciatus";722;17902
"Abudefduf sordidus";536;14534
"Abudefduf sparoides";83;2533
"Abudefduf troschelii";388;8396
"Abudefduf vaigiensis";986;23952
"Abudefduf whitleyi";97;2790
"Acanthaluteres brownii";67;2583
"Acanthaluteres spilomelanurus";197;5656
"Acanthaluteres vittiger";172;5046
"Acanthemblemaria atrata";20;281
"Acanthemblemaria castroi";46;1407
"Acanthemblemaria crockeri";114;2883
"Acanthemblemaria hancocki";29;469
"Acanthemblemaria spinosa";180;6530
"Acanthemblemaria stephensi";14;188
"Acanthistius cinctus";43;1088
"Acanthistius ocellatus";55;2016
"Acanthistius pardalotus";13;133
"Acanthistius patachonicus";131;3115
"Acanthistius sebastoides";39;750
"Acanthistius serratus";37;1168
"Acanthochromis polyacanthus";1726;76903
"Acanthopagrus australis";1861;59573
"Acanthopagrus latus";3408;77598
"Acanthostracion polygonius";365;9276
"Acanthostracion quadricornis";694;18569
"Acanthurus achilles";299;7760
"Acanthurus albipectoralis";62;749
"Acanthurus auranticavus";120;2339
"Acanthurus bahianus";1554;58308
"Acanthurus bariene";92;1924
"Acanthurus blochii";349;7502
"Acanthurus chirurgus";1197;32191
"Acanthurus chronixis";14;228
"Acanthurus coeruleus";1288;41599
"Acanthurus dussumieri";443;11962
"Acanthurus fowleri";27;660
"Acanthurus gahhm";123;4088
"Acanthurus grammoptilus";110;1501
"Acanthurus guttatus";206;6363
"Acanthurus leucocheilus";71;701
"Acanthurus leucopareius";158;5464
"Acanthurus leucosternon";396;25243
"Acanthurus lineatus";934;28295
"Acanthurus maculiceps";72;1311
"Acanthurus mata";419;10944
"Acanthurus nigricans";546;13188
"Acanthurus nigricauda";341;7767
"Acanthurus nigrofuscus";1388;55198
"Acanthurus nigroris";260;9986
"Acanthurus nubilus";46;768
"Acanthurus olivaceus";421;8957
"Acanthurus pyroferus";268;5693
"Acanthurus reversus";10;173
"Acanthurus sohal";416;25998
"Acanthurus tennentii";102;2817
"Acanthurus thompsoni";228;5244
"Acanthurus triostegus";1911;90406
"Acanthurus tristis";58;653
"Acanthurus xanthopterus";712;15316
"Achoerodus gouldii";247;7302
"Achoerodus viridis";367;17375
"Aetapcus maculatus";29;724
"Aethaloperca rogaa";345;5631
"Afurcagobius tamarensis";158;3619
"Aioliops brachypterus";0;0
"Aioliops novaeguineae";2;91
"Albula glossodonta";237;6583
"Alectis ciliaris";1370;25250
"Alloclinus holderi";85;3714
"Allomycterus pilatus";48;1114
"Alphestes immaculatus";194;5621
"Altrichthys azurelineatus";16;497
"Altrichthys curatus";16;614
"Aluterus scriptus";1058;28731
"Amanses scopas";161;3638
"Ambassis jacksoniensis";202;5957
"Amblycirrhitus bimacula";75;2360
"Amblycirrhitus earnshawi";8;260
"Amblycirrhitus pinos";264;9407
"Amblyeleotris fasciata";37;1114
"Amblyeleotris guttata";53;1292
"Amblyeleotris gymnocephala";42;2752
"Amblyeleotris japonica";68;1129
"Amblyeleotris periophthalma";62;1563
"Amblyeleotris steinitzi";137;5186
"Amblyeleotris sungami";35;933
"Amblyeleotris wheeleri";70;1726
"Amblyglyphidodon aureus";156;4113
"Amblyglyphidodon batunai";28;226
"Amblyglyphidodon curacao";421;12130
"Amblyglyphidodon flavilatus";36;583
"Amblyglyphidodon indicus";27;350
"Amblyglyphidodon leucogaster";357;8884
"Amblyglyphidodon melanopterus";3;109
"Amblyglyphidodon orbicularis";13;236
"Amblyglyphidodon ternatensis";36;976
"Amblygobius buanensis";10;446
"Amblygobius bynoensis";41;1570
"Amblygobius decussatus";53;1536
"Amblygobius nocturnus";68;1810
"Amblygobius phalaena";257;7235
"Amblyrhynchotes honckenii";156;3206
"Ammodytes tobianus";1770;59791
"Amphichaetodon howensis";46;2953
"Amphichthys cryptocentrus";137;3596
"Amphiprion akallopisos";498;26884
"Amphiprion akindynos";198;6446
"Amphiprion allardi";84;2626
"Amphiprion bicinctus";441;18256
"Amphiprion chrysopterus";183;7951
"Amphiprion clarkii";1653;49728
"Amphiprion ephippium";105;2347
"Amphiprion frenatus";538;19157
"Amphiprion fuscocaudatus";15;489
"Amphiprion latezonatus";65;5732
"Amphiprion leucokranos";39;1339
"Amphiprion mccullochi";45;1039
"Amphiprion melanopus";1239;42969
"Amphiprion nigripes";103;2303
"Amphiprion ocellaris";1870;60304
"Amphiprion percula";1384;45403
"Amphiprion perideraion";427;11334
"Amphiprion rubrocinctus";28;936
"Amphiprion sandaracinos";110;3369
"Anampses caeruleopunctatus";356;9233
"Anampses cuvier";46;2751
"Anampses elegans";45;1459
"Anampses femininus";30;626
"Anampses geographicus";104;3876
"Anampses lennardi";11;4089
"Anampses lineatus";97;1483
"Anampses melanurus";68;1912
"Anampses meleagrides";189;4571
"Anampses neoguinaicus";105;3645
"Anampses twistii";165;5431
"Anarrhichthys ocellatus";357;6919
"Anisotremus caesius";64;582
"Anisotremus davidsonii";407;10636
"Anisotremus interruptus";297;6082
"Anisotremus scapularis";314;3515
"Anisotremus surinamensis";605;14969
"Anisotremus taeniatus";113;1923
"Anisotremus virginicus";954;21602
"Anoplocapros amygdaloides";22;470
"Anoplocapros inermis";58;2294
"Anoplocapros lenticularis";47;522
"Anyperodon leucogrammicus";357;7688
"Aphareus furca";403;9582
"Aphareus rutilans";392;5269
"Aploactisoma milesii";20;854
"Aplodactylus arctidens";242;7685
"Aplodactylus etheridgii";33;1320
"Aplodactylus lophodon";130;5920
"Aplodactylus westralis";19;549
"Apogon atradorsatus";41;720
"Apogon atricaudus";33;486
"Apogon binotatus";148;7469
"Apogon dovii";78;2106
"Apogon imberbis";741;20736
"Apogon lachneri";63;1734
"Apogon maculatus";274;10736
"Apogon pacificus";101;1468
"Apogon retrosella";138;4426
"Apogon townsendi";117;3555
"Apogonichthyoides timorensis";62;1324
"Apolemichthys trimaculatus";201;4263
"Aprion virescens";1029;24669
"Aracana aurita";97;2120
"Aracana ornata";68;1736
"Archamia bleekeri";64;1120
"Arcos poecilophthalmos";8;127
"Arenigobius frenatus";69;3777
"Argyrosomus hololepidotus";808;25635
"Argyrosomus japonicus";2609;79392
"Arothron caeruleopunctatus";34;555
"Arothron diadematus";120;4171
"Arothron hispidus";987;22507
"Arothron inconditus";7;162
"Arothron manilensis";192;5285
"Arothron mappa";154;3510
"Arothron meleagris";615;17407
"Arothron nigropunctatus";385;8102
"Arothron stellatus";528;30460
"Arripis georgiana";535;14951
"Arripis trutta";1758;64588
"Arripis truttacea";440;11950
"Arripis xylabion";29;308
"Artedius harringtoni";191;5338
"Aspasmogaster tasmaniensis";18;196
"Aspidontus dussumieri";73;2170
"Aspidontus taeniatus";303;25293
"Assessor flavissimus";11;300
"Assessor macneilli";38;1554
"Assessor randalli";14;734
"Assiculus punctatus";23;260
"Asterropteryx striata";10;150
"Atherina hepsetus";562;12768
"Atherina presbyter";1283;31026
"Atherinomorus vaigiensis";219;8897
"Atractoscion aequidens";484;15247
"Atrosalarias holomelas";41;1337
"Atule mate";883;14326
"Atypichthys latus";30;663
"Atypichthys strigatus";186;5885
"Aulacocephalus temminckii";79;2926
"Aulorhynchus flavidus";352;10789
"Austrolabrus maculatus";95;2192
"Axoclinus cocoensis";13;153
"Axoclinus lucillae";30;277
"Axoclinus multicinctus";12;96
"Axoclinus rubinoffi";13;67
"Azurina eupalama";60;4741
"Balistapus undulatus";866;24552
"Balistes capriscus";3100;67570
"Balistes polylepis";625;12808
"Balistes punctatus";115;1484
"Balistes vetula";1249;33314
"Balistoides conspicillum";341;5706
"Balistoides viridescens";550;10135
"Bathygobius krefftii";63;2914
"Bathygobius lineatus";36;670
"Bathystethus cultratus";21;430
"Batrachoides boulengeri";29;438
"Belone belone";2977;64688
"Belonoperca chabanaudi";77;2933
"Blenniella chrysospilos";59;2934
"Bodianus albotaeniatus";35;636
"Bodianus anthioides";155;4618
"Bodianus axillaris";284;7025
"Bodianus bilunulatus";272;10451
"Bodianus diana";189;4234
"Bodianus dictynna";18;257
"Bodianus diplotaenia";401;9888
"Bodianus eclancheri";44;1807
"Bodianus frenchii";118;4126
"Bodianus loxozonus";89;2875
"Bodianus mesothorax";166;3543
"Bodianus perditio";180;4128
"Bodianus rufus";923;29804
"Bodianus scrofa";164;2748
"Bodianus unimaculatus";75;1800
"Bolbometopon muricatum";1158;47001
"Boops boops";4176;115313
"Boopsoidea inornata";103;2139
"Boreogadus saida";4435;237625
"Bothragonus occidentalis";36;250
"Bovichtus angustifrons";58;1705
"Bovichtus argentinus";41;1348
"Brachaluteres jacksonianus";137;4459
"Brachionichthys hirsutus";83;3525
"Brachyistius frenatus";314;12115
"Bryaninops amplus";39;1147
"Bryaninops erythrops";22;1045
"Bryaninops natans";51;1984
"Bryaninops nexus";4;13
"Bryaninops yongei";85;2628
"Caesio caerulaurea";442;7627
"Caesio cuning";735;32180
"Caesio lunaris";235;4019
"Caesio striata";47;327
"Caesio suevica";43;589
"Caesio teres";303;6900
"Caesio varilineata";77;1571
"Caesio xanthonota";144;1716
"Caesioperca lepidoptera";188;5051
"Caesioperca rasor";88;2021
"Caesioscorpis theagenes";19;450
"Caffrogobius nudiceps";131;3913
"Calamus bajonado";380;13633
"Calamus brachysomus";353;5056
"Calamus calamus";593;13942
"Calamus pennatula";222;6175
"Calamus taurinus";24;716
"Callanthias australis";36;986
"Calliclinus geniguttatus";79;1630
"Callionymus comptus";3;18
"Callionymus lyra";1999;82981
"Calloplesiops altivelis";129;4814
"Calotomus carolinus";375;11064
"Calotomus japonicus";205;5727
"Calotomus spinidens";188;8724
"Calotomus viridescens";32;739
"Cantherhines dumerilii";258;5000
"Cantherhines fronticinctus";66;1141
"Cantherhines longicaudus";6;99
"Cantherhines macrocerus";331;8284
"Cantherhines pardalis";249;5049
"Cantherhines pullus";451;15328
"Cantherhines sandwichiensis";51;1209
"Cantheschenia grandisquamis";18;371
"Canthidermis maculata";557;14675
"Canthidermis sufflamen";467;9874
"Canthigaster amboinensis";133;4961
"Canthigaster axiologus";11;48
"Canthigaster bennetti";160;4759
"Canthigaster callisterna";39;684
"Canthigaster capistrata";57;832
"Canthigaster coronata";138;2631
"Canthigaster cyanetron";14;266
"Canthigaster epilampra";34;896
"Canthigaster figueiredoi";88;1532
"Canthigaster jactator";142;5675
"Canthigaster janthinoptera";101;3021
"Canthigaster marquesensis";5;29
"Canthigaster papua";48;732
"Canthigaster punctatissima";204;3936
"Canthigaster rapaensis";8;63
"Canthigaster rivulata";144;2527
"Canthigaster rostrata";669;20503
"Canthigaster sanctaehelenae";8;186
"Canthigaster smithae";26;430
"Canthigaster valentini";428;13165
"Caprodon longimanus";123;2887
"Caracanthus maculatus";84;2611
"Caracanthus typicus";16;306
"Caracanthus unipinna";118;2679
"Carangoides bajad";282;4374
"Carangoides chrysophrys";305;9340
"Carangoides ferdau";429;9203
"Carangoides fulvoguttatus";458;10062
"Carangoides gymnostethus";203;4435
"Carangoides orthogrammus";341;6603
"Carangoides plagiotaenia";139;2044
"Caranx bartholomaei";508;16610
"Caranx caballus";589;8668
"Caranx caninus";408;7313
"Caranx crysos";2270;43966
"Caranx ignobilis";2015;58275
"Caranx lugubris";812;15104
"Caranx melampygus";1602;46254
"Caranx papuensis";321;7053
"Caranx sexfasciatus";1718;31267
"Caulolatilus princeps";682;12876
"Centroberyx affinis";336;11235
"Centroberyx gerrardi";134;2575
"Centroberyx lineatus";72;1371
"Centrogenys vaigiensis";88;3001
"Centrolabrus exoletus";508;15395
"Centrolabrus melanocercus";277;10971
"Centropogon australis";191;8104
"Centropyge acanthops";87;2244
"Centropyge argi";222;9981
"Centropyge bicolor";437;15376
"Centropyge bispinosa";244;5670
"Centropyge eibli";91;1173
"Centropyge ferrugata";136;3574
"Centropyge fisheri";127;3247
"Centropyge flavissima";341;9618
"Centropyge heraldi";114;2298
"Centropyge hotumatua";31;439
"Centropyge joculator";31;527
"Centropyge loriculus";261;6571
"Centropyge multispinis";158;4624
"Centropyge nox";53;947
"Centropyge tibicen";162;3660
"Cephalopholis argus";1532;46354
"Cephalopholis boenak";645;12822
"Cephalopholis cruentata";900;28395
"Cephalopholis cyanostigma";263;7579
"Cephalopholis formosa";153;1258
"Cephalopholis fulva";1501;47504
"Cephalopholis hemistiktos";196;8392
"Cephalopholis leopardus";174;2870
"Cephalopholis microprion";109;1974
"Cephalopholis miniata";684;15264
"Cephalopholis panamensis";259;5302
"Cephalopholis sexmaculata";201;3597
"Cephalopholis sonnerati";393;5886
"Cephalopholis spiloparaea";160;3647
"Cephalopholis urodeta";490;9410
"Cetoscarus bicolor";523;16709
"Chaenopsis schmitti";14;383
"Chaetodermis penicilligerus";68;1264
"Chaetodipterus faber";2084;60220
"Chaetodipterus zonatus";261;4199
"Chaetodon adiergastos";78;1614
"Chaetodon andamanensis";31;735
"Chaetodon argentatus";42;2125
"Chaetodon assarius";49;1594
"Chaetodon aureofasciatus";155;8465
"Chaetodon auriga";1121;34847
"Chaetodon auripes";144;3387
"Chaetodon austriacus";207;7327
"Chaetodon baronessa";277;7764
"Chaetodon bennetti";222;6398
"Chaetodon capistratus";1005;34291
"Chaetodon citrinellus";421;11907
"Chaetodon collare";228;2935
"Chaetodon decussatus";105;980
"Chaetodon dolosus";45;414
"Chaetodon ephippium";338;9725
"Chaetodon falcula";126;3321
"Chaetodon fasciatus";128;3239
"Chaetodon flavirostris";133;4331
"Chaetodon guentheri";71;1633
"Chaetodon guttatissimus";151;3040
"Chaetodon humeralis";324;5061
"Chaetodon interruptus";51;827
"Chaetodon kleinii";550;12245
"Chaetodon lineolatus";374;9085
"Chaetodon litus";23;846
"Chaetodon lunula";898;25473
"Chaetodon lunulatus";392;9939
"Chaetodon madagaskariensis";107;2924
"Chaetodon marleyi";59;2564
"Chaetodon melannotus";468;15451
"Chaetodon mertensii";145;3755
"Chaetodon meyeri";236;5766
"Chaetodon miliaris";393;17473
"Chaetodon multicinctus";508;14477
"Chaetodon ocellatus";875;21712
"Chaetodon ocellicaudus";49;1137
"Chaetodon octofasciatus";320;4296
"Chaetodon ornatissimus";373;9799
"Chaetodon oxycephalus";72;1250
"Chaetodon paucifasciatus";99;2843
"Chaetodon pelewensis";162;5304
"Chaetodon plebeius";263;8147
"Chaetodon punctatofasciatus";145;4242
"Chaetodon quadrimaculatus";166;5401
"Chaetodon rafflesii";203;4175
"Chaetodon rainfordi";172;8673
"Chaetodon reticulatus";167;6068
"Chaetodon sedentarius";431;11640
"Chaetodon semeion";97;1997
"Chaetodon semilarvatus";83;1876
"Chaetodon speculum";236;5845
"Chaetodon striatus";801;19315
"Chaetodon triangulum";95;1928
"Chaetodon trichrous";41;911
"Chaetodon tricinctus";33;787
"Chaetodon trifascialis";685;22203
"Chaetodon trifasciatus";534;15954
"Chaetodon ulietensis";245;7393
"Chaetodon unimaculatus";482;14503
"Chaetodon vagabundus";609;14047
"Chaetodon xanthocephalus";103;2460
"Chaetodon xanthurus";73;2216
"Chaetodon zanzibarensis";64;1678
"Chaetodontoplus conspicillatus";42;406
"Chaetodontoplus duboulayi";77;3502
"Chaetodontoplus meredithi";38;528
"Chaetodontoplus mesoleucus";145;2499
"Chaetodontoplus personifer";34;1445
"Chaetodontoplus septentrionalis";151;2684
"Chaetodontoplus vanderloosi";7;437
"Champsocephalus esox";172;6749
"Chanos chanos";13920;373039
"Cheilinus abudjubbe";34;1068
"Cheilinus chlorourus";433;11863
"Cheilinus fasciatus";455;10436
"Cheilinus lunulatus";114;2064
"Cheilinus oxycephalus";123;3551
"Cheilinus trilobatus";538;16606
"Cheilinus undulatus";2158;46609
"Cheilio inermis";477;13720
"Cheilodactylus fasciatus";71;1392
"Cheilodactylus pixi";32;525
"Cheilodipterus arabicus";125;3611
"Cheilodipterus artus";151;4345
"Cheilodipterus intermedius";35;857
"Cheilodipterus isostigmus";38;1049
"Cheilodipterus lachneri";32;1090
"Cheilodipterus macrodon";327;8360
"Cheilodipterus nigrotaeniatus";12;363
"Cheilodipterus parazonatus";16;423
"Cheilodipterus quinquelineatus";662;18715
"Cheiloprion labiatus";113;5025
"Chelidonichthys capensis";221;4519
"Chelmon marginalis";49;1247
"Chelmon rostratus";464;11083
"Chelmonops curiosus";61;654
"Chelmonops truncatus";30;1196
"Chelon auratus";6859;145254
"Chelon labrosus";4263;123667
"Chelon ramada";4994;123045
"Chelon richardsonii";607;18917
"Chelonodon pleurospilus";11;163
"Chilomycterus antennatus";123;2130
"Chilomycterus reticulatus";376;7311
"Chirodactylus brachydactylus";82;1811
"Chirodactylus spectabilis";359;14663
"Chirolophis ascanii";117;2569
"Chironemus maculosus";24;299
"Chironemus marmoratus";100;4235
"Chironemus microlepis";10;278
"Chlorurus atrilunula";35;1535
"Chlorurus bleekeri";242;6009
"Chlorurus bowersi";71;1675
"Chlorurus capistratoides";50;760
"Chlorurus frontalis";126;2851
"Chlorurus gibbus";448;20676
"Chlorurus japanensis";109;4413
"Chlorurus microrhinos";502;16017
"Chlorurus rhakoura";18;211
"Chlorurus sordidus";1474;54663
"Chlorurus spilurus";118;1555
"Chlorurus strongylocephalus";111;2752
"Choerodon anchorago";297;7246
"Choerodon azurio";152;2344
"Choerodon cauteroma";41;993
"Choerodon cephalotes";81;2786
"Choerodon cyanodus";156;4898
"Choerodon fasciatus";133;4278
"Choerodon graphicus";65;2591
"Choerodon jordani";55;2615
"Choerodon monostigma";29;1013
"Choerodon rubescens";280;18906
"Choerodon schoenleinii";339;9883
"Choerodon vitta";22;1017
"Chriolepis dialepta";7;97
"Chromis abrupta";6;69
"Chromis acares";88;1906
"Chromis agilis";137;4572
"Chromis alpha";80;4906
"Chromis alta";58;1445
"Chromis amboinensis";116;1529
"Chromis analis";101;1653
"Chromis atrilobata";305;8691
"Chromis atripectoralis";489;20880
"Chromis atripes";97;1873
"Chromis bami";8;202
"Chromis caudalis";58;1269
"Chromis chromis";2502;73169
"Chromis chrysura";209;6415
"Chromis cinerascens";38;820
"Chromis crusma";109;1155
"Chromis cyanea";861;40355
"Chromis dimidiata";257;7209
"Chromis dispilus";318;15487
"Chromis elerae";35;803
"Chromis flavaxilla";28;318
"Chromis flavipectoralis";12;68
"Chromis flavomaculata";56;1136
"Chromis fumea";107;2314
"Chromis hanui";79;2985
"Chromis hypsilepis";130;3772
"Chromis insolata";216;5974
"Chromis iomelas";84;1562
"Chromis klunzingeri";41;1109
"Chromis lepidolepis";137;3635
"Chromis limbata";225;7184
"Chromis limbaughi";101;1047
"Chromis lineata";37;1263
"Chromis margaritifer";293;5578
"Chromis multilineata";840;25784
"Chromis nigrura";71;2062
"Chromis nitida";269;9857
"Chromis notata";384;10415
"Chromis opercularis";73;1106
"Chromis ovalis";116;4466
"Chromis pamae";5;29
"Chromis pelloura";35;1505
"Chromis pembae";34;1025
"Chromis punctipinnis";885;43844
"Chromis randalli";17;251
"Chromis retrofasciata";111;2681
"Chromis scotochiloptera";14;159
"Chromis scotti";183;5328
"Chromis ternatensis";505;18908
"Chromis vanderbilti";192;4883
"Chromis viridis";1208;36997
"Chromis weberi";258;5144
"Chromis westaustralis";35;1026
"Chromis xanthochira";61;1923
"Chromis xanthura";174;2936
"Chromis xutha";13;181
"Chrysiptera biocellata";330;17613
"Chrysiptera bleekeri";10;147
"Chrysiptera brownriggii";254;7286
"Chrysiptera caesifrons";8;24
"Chrysiptera cyanea";633;23929
"Chrysiptera flavipinnis";39;2269
"Chrysiptera galba";18;203
"Chrysiptera glauca";217;6126
"Chrysiptera hemicyanea";80;1769
"Chrysiptera notialis";20;215
"Chrysiptera oxycephala";36;589
"Chrysiptera parasema";222;4801
"Chrysiptera rapanui";39;784
"Chrysiptera rex";181;5473
"Chrysiptera rollandi";199;9827
"Chrysiptera springeri";39;3703
"Chrysiptera starcki";47;1230
"Chrysiptera talboti";86;2525
"Chrysiptera taupou";69;832
"Chrysiptera traceyi";23;296
"Chrysiptera tricincta";21;530
"Chrysiptera unimaculata";201;4812
"Chrysoblephus cristiceps";155;5711
"Chrysoblephus gibbiceps";128;2922
"Chrysoblephus laticeps";417;13275
"Cirrhilabrus cyanopleura";117;2323
"Cirrhilabrus exquisitus";115;3105
"Cirrhilabrus flavidorsalis";11;603
"Cirrhilabrus katherinae";22;603
"Cirrhilabrus laboutei";25;1167
"Cirrhilabrus lineatus";16;963
"Cirrhilabrus punctatus";87;3497
"Cirrhilabrus randalli";6;201
"Cirrhilabrus scottorum";29;1172
"Cirrhilabrus solorensis";37;880
"Cirrhilabrus temminckii";113;4615
"Cirrhilabrus walindi";4;192
"Cirrhitichthys aprinus";83;2409
"Cirrhitichthys falco";171;3762
"Cirrhitichthys oxycephalus";325;7722
"Cirrhitops fasciatus";80;2743
"Cirrhitops hubbardi";31;715
"Cirrhitus pinnulatus";262;7838
"Cirrhitus rivulatus";208;4820
"Cirripectes alboapicalis";38;862
"Cirripectes alleni";6;43
"Cirripectes auritus";17;342
"Cirripectes castaneus";110;2761
"Cirripectes chelomatus";18;566
"Cirripectes filamentosus";41;888
"Cirripectes fuscoguttatus";18;752
"Cirripectes hutchinsi";10;51
"Cirripectes polyzona";56;1338
"Cirripectes springeri";6;149
"Cirripectes stigmaticus";63;1541
"Cirripectes vanderbilti";32;637
"Cirripectes variolosus";102;3774
"Cleidopus gloriamaris";114;5094
"Clepticus parrae";531;19042
"Clinus latipennis";12;184
"Clinus superciliosus";332;13626
"Clinus venustris";19;433
"Cnidoglanis macrocephalus";418;17107
"Cochleoceps bicolor";15;448
"Cochleoceps orientalis";9;178
"Conger verreauxi";111;2951
"Congiopodus peruvianus";138;2034
"Conniella apterygia";7;299
"Coradion altivelis";98;2836
"Coradion chrysozonus";129;3250
"Coris auricularis";131;2809
"Coris aurilineata";19;1291
"Coris aygula";518;22419
"Coris batuensis";176;6382
"Coris bulbifrons";42;764
"Coris caudimacula";112;2589
"Coris centralis";8;217
"Coris cuvieri";84;1985
"Coris debueni";9;256
"Coris dorsomacula";129;3558
"Coris formosa";160;7105
"Coris gaimard";461;13714
"Coris hewetti";8;309
"Coris julis";2367;76799
"Coris picta";94;4019
"Coris pictoides";41;1403
"Coris roseoviridis";5;185
"Coris sandeyeri";80;4540
"Coris venusta";50;702
"Coryphopterus alloides";20;383
"Coryphopterus dicrus";153;5754
"Coryphopterus eidolon";83;2186
"Coryphopterus glaucofraenum";567;20885
"Coryphopterus hyalinus";87;1466
"Coryphopterus lipernes";86;2433
"Coryphopterus personatus";354;13605
"Coryphopterus thrix";54;1351
"Coryphopterus tortugae";47;1186
"Coryphopterus urospilus";91;2001
"Cratinus agassizii";41;1007
"Cremnochorites capensis";24;443
"Crenimugil crenilabis";483;18053
"Cristiceps aurantiacus";50;1687
"Crocodilichthys gracilis";59;612
"Cromileptes altivelis";3250;39563
"Crossosalarias macrospilus";32;1011
"Cryptichthys jojettae";25;655
"Cryptocentrus caeruleomaculatus";52;1158
"Cryptocentrus caeruleopunctatus";40;788
"Cryptocentrus cryptocentrus";112;4454
"Cryptocentrus fasciatus";34;759
"Cryptocentrus strigilliceps";54;1274
"Ctenochaetus binotatus";304;6266
"Ctenochaetus cyanocheilus";63;651
"Ctenochaetus flavicauda";27;346
"Ctenochaetus hawaiiensis";95;2336
"Ctenochaetus marginatus";77;2406
"Ctenochaetus striatus";1560;53625
"Ctenochaetus tominiensis";47;892
"Ctenochaetus truncatus";31;222
"Ctenogobiops aurocingulus";36;896
"Ctenogobiops crocineus";24;622
"Ctenogobiops feroculus";73;2992
"Ctenogobiops maculosus";32;639
"Ctenogobiops mitodes";10;93
"Ctenogobiops pomastictus";47;1416
"Ctenogobiops tangaroai";26;754
"Ctenolabrus rupestris";1553;45158
"Cybiosarda elegans";79;2840
"Cyclichthys orbicularis";110;1751
"Cymatoceps nasutus";199;7111
"Cymatogaster aggregata";2176;83182
"Cymbacephalus beauforti";61;1416
"Cypho purpurascens";32;714
"Cypho zaps";8;150
"Cyprinocirrhites polyactis";63;2381
"Dactylophora nigricans";132;3043
"Dactylopus dactylopus";82;2100
"Daector reticulata";21;479
"Daector schmitti";9;105
"Dascyllus albisella";931;43897
"Dascyllus aruanus";2000;81299
"Dascyllus carneus";151;4650
"Dascyllus flavicaudus";126;4393
"Dascyllus marginatus";300;8405
"Dascyllus melanurus";170;4148
"Dascyllus reticulatus";531;16183
"Dascyllus strasburgi";20;380
"Dascyllus trimaculatus";1376;40266
"Decapterus koheru";85;2118
"Decapterus macarellus";1295;23431
"Decapterus muroadsi";326;10130
"Decapterus punctatus";868;17149
"Dellichthys morelandi";57;1626
"Dendrochirus barberi";52;799
"Dendrochirus zebra";355;9890
"Dentex dentex";5477;144448
"Dermatolepis dermatolepis";172;4348
"Diademichthys lineatus";140;5353
"Diagramma labiosum";115;2975
"Diagramma melanacrum";31;249
"Dialommus fuscus";85;2138
"Dicentrarchus labrax";23350;972206
"Dicentrarchus punctatus";869;20780
"Dichistius capensis";445;17983
"Dicotylichthys punctulatus";73;1737
"Didogobius amicuscaridis";26;337
"Dinolestes lewini";173;4692
"Diodon holocanthus";1592;32827
"Diodon hystrix";1760;45829
"Diodon liturosus";241;4367
"Diodon nicthemerus";132;3607
"Diplodus annularis";3406;91400
"Diplodus argenteus";486;9500
"Diplodus capensis";525;18139
"Diplodus cervinus";900;25841
"Diplodus puntazzo";4242;100807
"Diplodus sargus";7271;202689
"Diplodus vulgaris";3504;83510
"Diplogrammus goramensis";55;1337
"Diplogrammus xenicus";40;920
"Diploprion bifasciatum";262;6253
"Diproctacanthus xanthurus";110;3855
"Dipterygonotus balteatus";123;1912
"Dischistodus chrysopoecilus";60;2032
"Dischistodus darwiniensis";11;112
"Dischistodus melanotus";109;3403
"Dischistodus perspicillatus";199;8132
"Dischistodus prosopotaenia";157;4613
"Dischistodus pseudochrysopoecilus";41;2015
"Doratonotus megalepis";144;3992
"Dotalabrus alleni";14;447
"Dotalabrus aurantiacus";53;1723
"Dules auriga";182;3160
"Echeneis naucrates";1539;47472
"Echeneis neucratoides";109;1376
"Echidna nebulosa";492;12129
"Echidna nocturna";96;1563
"Ecsenius aequalis";5;82
"Ecsenius alleni";7;61
"Ecsenius bandanus";9;508
"Ecsenius bathi";13;542
"Ecsenius bicolor";219;6501
"Ecsenius fijiensis";7;53
"Ecsenius fourmanoiri";13;269
"Ecsenius frontalis";38;887
"Ecsenius gravieri";43;1187
"Ecsenius kurti";5;52
"Ecsenius lineatus";48;1461
"Ecsenius lividanalis";13;314
"Ecsenius midas";94;1755
"Ecsenius minutus";9;83
"Ecsenius nalolo";31;497
"Ecsenius namiyei";29;796
"Ecsenius oculatus";5;38
"Ecsenius prooculis";7;260
"Ecsenius randalli";11;322
"Ecsenius schroederi";8;61
"Ecsenius stictus";26;956
"Ecsenius stigmatura";11;178
"Ecsenius tigris";7;69
"Ecsenius tricolor";3;47
"Ecsenius trilineatus";12;256
"Ecsenius yaeyamaensis";50;1516
"Ekemblemaria myersi";40;880
"Elacatinus atronasus";25;1161
"Elacatinus cayman";2;22
"Elacatinus centralis";2;22
"Elacatinus evelynae";557;15674
"Elacatinus figaro";319;7657
"Elacatinus genie";106;2824
"Elacatinus horsti";72;1203
"Elacatinus jarocho";22;177
"Elacatinus oceanops";240;6118
"Elacatinus prochilos";191;5847
"Elacatinus puncticulatus";120;15148
"Elacatinus randalli";85;2027
"Elacatinus xanthiprora";46;818
"Elagatis bipinnulata";1820;32804
"Eleotrica cableae";12;198
"Elops affinis";314;8433
"Embiotoca jacksoni";932;48737
"Embiotoca lateralis";766;33248
"Emblemariopsis pricei";26;273
"Emblemariopsis signifer";72;1883
"Enchelycore lichenosa";19;608
"Enchelycore ramosa";38;664
"Engraulis australis";974;26125
"Enneanectes carminalis";119;3408
"Enneanectes smithi";27;779
"Enneapterygius atrogulare";21;461
"Enneapterygius hemimelas";27;778
"Enneapterygius kermadecensis";16;221
"Enneapterygius larsonae";8;41
"Enneapterygius mirabilis";8;156
"Enneapterygius rufopileus";58;1600
"Enneapterygius similis";8;451
"Enophrys diceraus";218;3986
"Enoplosus armatus";262;7492
"Entomacrodus chapmani";12;188
"Entomacrodus solus";7;203
"Eocallionymus papilio";30;681
"Epibulus brevis";10;336
"Epibulus insidiator";715;24557
"Epinephelides armatus";131;3469
"Epinephelus adscensionis";918;23227
"Epinephelus akaara";2830;68026
"Epinephelus albomarginatus";36;937
"Epinephelus analogus";260;5252
"Epinephelus areolatus";986;18928
"Epinephelus bilobatus";39;741
"Epinephelus bleekeri";438;10277
"Epinephelus bruneus";1654;35556
"Epinephelus coeruleopunctatus";293;5587
"Epinephelus coioides";13110;320841
"Epinephelus corallicola";216;2358
"Epinephelus costae";593;9291
"Epinephelus cyanopodus";267;6395
"Epinephelus daemelii";176;5054
"Epinephelus fasciatus";1614;36131
"Epinephelus fuscoguttatus";4735;85865
"Epinephelus guttatus";1865;73098
"Epinephelus hexagonatus";235;5594
"Epinephelus irroratus";26;450
"Epinephelus itajara";2216;61497
"Epinephelus labriformis";406;8059
"Epinephelus lanceolatus";2569;84072
"Epinephelus longispinis";382;7868
"Epinephelus macrospilos";141;3560
"Epinephelus maculatus";357;7030
"Epinephelus malabaricus";4561;92687
"Epinephelus marginatus";4507;141250
"Epinephelus melanostigma";167;3130
"Epinephelus merra";1614;35864
"Epinephelus morio";2424;59578
"Epinephelus multinotatus";212;3544
"Epinephelus ongus";343;19071
"Epinephelus polyphekadion";1434;25313
"Epinephelus quoyanus";363;7998
"Epinephelus rivulatus";287;5949
"Epinephelus socialis";37;490
"Epinephelus spilotoceps";153;2839
"Epinephelus striatus";2915;131554
"Epinephelus tauvina";3290;70427
"Epinephelus tukula";367;5974
"Epinephelus undulatostriatus";45;3634
"Equetus punctatus";218;8979
"Eubalichthys bucephalus";38;939
"Eubalichthys caeruleoguttatus";12;238
"Eubalichthys cyanoura";17;333
"Eubalichthys gunnii";36;442
"Eubalichthys mosaicus";123;3435
"Eucinostomus dowii";191;1979
"Eupetrichthys angustipes";62;1943
"Euthynnus affinis";4486;78367
"Euthynnus lineatus";931;20506
"Eutrigla gurnardus";1785;49148
"Eviota albolineata";67;1196
"Eviota atriventris";18;270
"Eviota bifasciata";23;853
"Eviota bimaculata";9;128
"Eviota fasciola";16;304
"Eviota guttata";53;1062
"Eviota hoesei";15;163
"Eviota lachdeberei";13;320
"Eviota latifasciata";14;384
"Eviota melasma";39;908
"Eviota mikiae";3;50
"Eviota nigriventris";39;838
"Eviota pellucida";48;1090
"Eviota prasites";33;1127
"Eviota raja";14;451
"Eviota readerae";3;28
"Eviota rubriceps";11;77
"Eviota sebreei";44;1173
"Eviota sigillata";73;4180
"Eviota storthynx";20;253
"Eviota zebrina";31;654
"Evistias acutirostris";69;1757
"Evynnis cardinalis";152;3564
"Exallias brevis";200;7129
"Exyrias belissimus";66;1711
"Favonigobius lateralis";222;8993
"Foetorepus calauropomus";81;2130
"Forcipiger flavissimus";599;15547
"Forcipiger longirostris";325;10096
"Forsterygion capito";139;3576
"Forsterygion flavonigrum";33;454
"Forsterygion gymnotum";54;1296
"Forsterygion lapillum";255;17768
"Forsterygion malcolmi";42;1259
"Forsterygion maryannae";47;1229
"Forsterygion varium";357;16721
"Furcina osimae";29;278
"Fusigobius duospilus";60;1175
"Fusigobius inframaculatus";27;639
"Fusigobius melacron";9;295
"Fusigobius neophytus";114;3773
"Fusigobius signipinnis";36;1154
"Gadus morhua";28847;1222238
"Gasterosteus aculeatus";25012;1177369
"Genicanthus caudovittatus";69;1878
"Genicanthus lamarck";93;2555
"Genicanthus semicinctus";22;226
"Genicanthus watanabei";54;1074
"Genypterus tigerinus";78;1478
"Gerres cinereus";1237;28510
"Gerres equulus";91;2543
"Gerres subfasciatus";443;14610
"Gillellus chathamensis";7;81
"Girella cyanea";71;3269
"Girella elevata";242;16529
"Girella fimbriata";18;455
"Girella freminvillii";19;373
"Girella nigricans";1125;53075
"Girella punctata";837;15604
"Girella simplicidens";88;4368
"Girella tephraeops";23;735
"Girella tricuspidata";929;36451
"Girella zebra";129;5216
"Glaucosoma hebraicum";602;14599
"Glaucosoma magnificum";15;435
"Glaucosoma scapulare";81;3744
"Glyptoparus delicatulus";28;1304
"Gnathanacanthus goetzeei";26;995
"Gnathanodon speciosus";1147;27541
"Gnathodentex aureolineatus";427;11048
"Gnatholepis anjerensis";241;13207
"Gnatholepis cauerensis";144;3003
"Gnatholepis thompsoni";403;17166
"Gobiesox woodsi";2;5
"Gobioclinus dendriticus";2;12
"Gobiodon citrinus";176;5228
"Gobiodon heterospilos";6;25
"Gobiodon histrio";299;12420
"Gobiodon okinawae";108;3158
"Gobiodon quinquestrigatus";91;2865
"Gobiodon spilophthalmus";6;171
"Gobiosoma hildebrandi";19;1054
"Gobiosoma spilotum";10;280
"Gobius bucchichi";478;10186
"Gobius cruentatus";643;12580
"Gobius fallax";138;3144
"Gobius niger";4077;129262
"Gobius paganellus";1383;35660
"Gobius tetrophthalmus";17;250
"Gobius xanthocephalus";138;1935
"Gomphosus caeruleus";259;5391
"Gomphosus varius";733;27004
"Goniistius francisi";9;210
"Goniistius gibbosus";6;93
"Goniistius plessisi";15;402
"Goniistius rubrolabiatus";27;3339
"Goniistius vestitus";7;131
"Goniistius zebra";11;198
"Goniistius zonatus";135;5626
"Gorgasia galzini";9;147
"Gracila albomarginata";177;4390
"Gramma brasiliensis";111;3719
"Gramma loreto";445;14850
"Grammatorcynus bicarinatus";196;5490
"Grammatorcynus bilineatus";135;3029
"Grammistes sexlineatus";366;9716
"Gunnellichthys monostigma";53;1671
"Gymnocaesio gymnoptera";69;1310
"Gymnocanthus tricuspis";416;13703
"Gymnoclinus cristulatus";15;450
"Gymnocranius audleyi";105;3293
"Gymnocranius euanus";147;3490
"Gymnocranius microdon";29;849
"Gymnocrotaphus curvidens";68;1520
"Gymnomuraena zebra";358;11826
"Gymnosarda unicolor";667;18529
"Gymnothorax annasona";13;285
"Gymnothorax breedeni";43;416
"Gymnothorax castaneus";170;4233
"Gymnothorax cribroris";13;1373
"Gymnothorax dovii";79;1165
"Gymnothorax eurostus";192;6985
"Gymnothorax favagineus";181;3541
"Gymnothorax fimbriatus";149;6113
"Gymnothorax flavimarginatus";314;7507
"Gymnothorax funebris";717;22269
"Gymnothorax javanicus";869;30534
"Gymnothorax meleagris";258;7610
"Gymnothorax miliaris";300;10405
"Gymnothorax moringa";748;29541
"Gymnothorax nubilus";26;625
"Gymnothorax obesus";15;417
"Gymnothorax panamensis";72;1433
"Gymnothorax pictus";276;6984
"Gymnothorax porphyreus";92;1623
"Gymnothorax prasinus";129;4846
"Gymnothorax prionodon";40;1261
"Gymnothorax thyrsoideus";120;2679
"Gymnothorax undulatus";321;7788
"Gymnothorax zonipectis";70;2576
"Haemulon album";483;20013
"Haemulon aurolineatum";1536;33921
"Haemulon carbonarium";359;10196
"Haemulon chrysargyreum";389;11827
"Haemulon flaviguttatum";193;2135
"Haemulon flavolineatum";1881;68047
"Haemulon macrostomum";257;8911
"Haemulon maculicauda";240;3084
"Haemulon melanurum";305;8032
"Haemulon parra";653;19311
"Haemulon plumierii";2164;66598
"Haemulon sciurus";1295;48311
"Haemulon scudderii";195;3369
"Haemulon sexfasciatum";257;5313
"Haemulon steindachneri";808;10750
"Haemulon vittatum";150;6899
"Haletta semifasciata";166;6119
"Halichoeres adustus";21;497
"Halichoeres argus";130;3549
"Halichoeres biocellatus";100;3836
"Halichoeres bivittatus";1262;47243
"Halichoeres brasiliensis";171;4109
"Halichoeres brownfieldi";35;1272
"Halichoeres burekae";31;249
"Halichoeres chierchiae";139;2193
"Halichoeres chloropterus";174;4093
"Halichoeres chrysus";130;3311
"Halichoeres cosmetus";65;1479
"Halichoeres dimidiatus";72;1909
"Halichoeres discolor";23;1017
"Halichoeres dispilus";282;6345
"Halichoeres erdmanni";3;65
"Halichoeres garnoti";604;19855
"Halichoeres hartzfeldii";54;2105
"Halichoeres hortulanus";554;11085
"Halichoeres insularis";13;414
"Halichoeres iridis";33;501
"Halichoeres leucoxanthus";23;533
"Halichoeres leucurus";53;1041
"Halichoeres maculipinna";452;18122
"Halichoeres malpelo";15;769
"Halichoeres margaritaceus";192;5311
"Halichoeres marginatus";322;7990
"Halichoeres melanochir";106;4334
"Halichoeres melanurus";363;11373
"Halichoeres melasmapomus";43;1548
"Halichoeres miniatus";80;2346
"Halichoeres nebulosus";164;3979
"Halichoeres nicholsi";194;5098
"Halichoeres nigrescens";167;3266
"Halichoeres notospilus";150;3371
"Halichoeres orientalis";15;423
"Halichoeres ornatissimus";137;4733
"Halichoeres pictus";168;8920
"Halichoeres poeyi";454;14334
"Halichoeres prosopeion";98;2864
"Halichoeres radiatus";545;14351
"Halichoeres richmondi";69;1213
"Halichoeres salmofasciatus";15;304
"Halichoeres scapularis";248;6252
"Halichoeres semicinctus";338;9568
"Halichoeres socialis";46;669
"Halichoeres solorensis";19;775
"Halichoeres tenuispinis";321;8249
"Halichoeres timorensis";36;1050
"Halichoeres trimaculatus";608;17798
"Halichoeres trispilus";9;238
"Helcogramma chica";21;817
"Helcogramma decurrens";25;263
"Helcogramma maldivensis";7;48
"Helcogramma striata";48;1182
"Helcogrammoides cunninghami";95;4608
"Helicolenus percoides";365;10553
"Helotes sexlineatus";380;15523
"Hemiglyphidodon plagiometopon";236;10782
"Hemigymnus fasciatus";424;9753
"Hemigymnus melapterus";811;22093
"Hemilepidotus jordani";314;6146
"Hemiramphus depauperatus";22;879
"Hemitaurichthys multispinosus";9;115
"Hemitaurichthys polylepis";246;7327
"Hemitaurichthys thompsoni";54;2090
"Hemitaurichthys zoster";148;3851
"Heniochus acuminatus";772;12888
"Heniochus chrysostomus";282;6810
"Heniochus diphreutes";267;5932
"Heniochus intermedius";153;5042
"Heniochus monoceros";229;4195
"Heniochus pleurotaenia";66;462
"Heniochus singularius";164;3170
"Heniochus varius";233;6292
"Heteroclinus adelaidae";22;433
"Heteroclinus johnstoni";28;463
"Heteroclinus perspicillatus";71;2877
"Heteroclinus roseus";25;622
"Heteroclinus tristis";17;346
"Heteroconger hassi";156;4990
"Heteropriacanthus cruentatus";924;30188
"Heteroscarus acroptilus";85;1762
"Heterostichus rostratus";326;10048
"Hexagrammos agrammus";542;10107
"Hexagrammos decagrammus";922;18989
"Hexagrammos otakii";1844;24156
"Hexagrammos stelleri";423;7910
"Hipposcarus harid";376;10655
"Hipposcarus longiceps";388;11460
"Holacanthus bermudensis";377;15587
"Holacanthus ciliaris";790;22435
"Holacanthus clarionensis";114;2242
"Holacanthus passer";430;8809
"Holacanthus tricolor";738;21822
"Holocentrus adscensionis";1223;40653
"Holocentrus rufus";707;31069
"Hologymnosus annulatus";186;4866
"Hologymnosus doliatus";161;5192
"Hoplolatilus cuniculus";34;1181
"Hoplolatilus starcki";54;1337
"Hoplopagrus guentherii";377;7938
"Hyperlophus vittatus";431;10710
"Hypoatherina barnesi";43;1019
"Hypoplectrodes annulatus";17;252
"Hypoplectrodes huntii";70;3111
"Hypoplectrodes maccullochi";79;3649
"Hypoplectrodes nigroruber";53;1057
"Hypoplectrus aberrans";78;3611
"Hypoplectrus castroaguirrei";13;85
"Hypoplectrus chlorurus";113;4588
"Hypoplectrus gemma";75;2865
"Hypoplectrus guttavarius";119;2055
"Hypoplectrus indigo";121;2807
"Hypoplectrus maya";5;58
"Hypoplectrus nigricans";394;18597
"Hypoplectrus providencianus";26;372
"Hypoplectrus puella";353;13209
"Hypoplectrus unicolor";334;10420
"Hyporhamphus affinis";157;6114
"Hyporthodus flavolimbatus";508;9897
"Hyporthodus niveatus";871;18106
"Hyporthodus octofasciatus";161;5501
"Hypsoblennius proteus";5;33
"Hypsurus caryi";232;8223
"Hypsypops rubicundus";658;36776
"Iniistius celebicus";8;172
"Iniistius pavo";294;9815
"Inimicus caledonicus";26;531
"Inimicus filamentosus";36;569
"Isocirrhitus sexfasciatus";5;114
"Istigobius campbelli";52;554
"Istigobius decoratus";170;4848
"Istigobius goldmanni";47;1321
"Istigobius hoesei";12;376
"Istigobius nigroocellatus";12;229
"Istigobius rigilius";52;973
"Itycirrhitus wilhelmi";17;232
"Jenkinsia lamprotaenia";270;15300
"Johnrandallia nigrirostris";272;5303
"Jordania zonope";102;4604
"Karalepis stewarti";35;697
"Koumansetta hectori";52;1316
"Koumansetta rainfordi";60;2252
"Kuhlia mugil";330;9635
"Kyphosus azureus";209;8328
"Kyphosus bigibbus";367;13159
"Kyphosus cinerascens";602;17612
"Kyphosus cornelii";143;6508
"Kyphosus elegans";293;6776
"Kyphosus incisor";277;8817
"Kyphosus ocyurus";17;79
"Kyphosus sectatrix";907;25513
"Kyphosus sydneyanus";423;14787
"Kyphosus vaigiensis";661;14093
"Labracinus cyclophthalmus";82;2475
"Labracinus lineatus";41;1424
"Labracoglossa nitida";27;587
"Labrichthys unilineatus";294;12695
"Labrisomus cricota";49;674
"Labrisomus jenkinsi";12;1685
"Labrisomus multiporosus";72;1520
"Labrisomus nuchipinnis";490;10687
"Labrisomus socorroensis";4;55
"Labroides bicolor";358;9182
"Labroides dimidiatus";2634;105666
"Labroides pectoralis";69;2520
"Labroides phthirophagus";293;12220
"Labroides rubrolabiatus";43;1188
"Labropsis alleni";16;926
"Labropsis australis";91;4404
"Labropsis manabei";40;1800
"Labropsis micronesica";21;1278
"Labropsis xanthonota";84;3023
"Labrus bergylta";2324;74844
"Labrus merula";779;21177
"Labrus mixtus";652;20506
"Labrus viridis";650;16614
"Lachnolaimus maximus";1260;34040
"Lactophrys bicaudalis";260;9144
"Lactophrys triqueter";490;14540
"Lactoria diaphana";237;6763
"Lactoria fornasini";140;2536
"Larabicus quadrilineatus";130;5237
"Latridopsis ciliaris";235;6859
"Latridopsis forsteri";233;8791
"Latropiscis purpurissatus";122;4435
"Leiocottus hirundo";35;1131
"Lepidonectes bimaculatus";9;51
"Lepidonectes clarkhubbsi";19;174
"Lepidonectes corallicola";30;673
"Lepidozygus tapeinosoma";154;3585
"Leptatherina presbyteroides";205;7521
"Leptocottus armatus";1981;62236
"Leptojulis cyanopleura";77;3288
"Leptoscarus vaigiensis";544;17724
"Lesueurigobius friesii";534;15104
"Lethrinus amboinensis";76;1709
"Lethrinus atkinsoni";376;9329
"Lethrinus borbonicus";118;2652
"Lethrinus erythracanthus";193;4983
"Lethrinus erythropterus";191;3769
"Lethrinus genivittatus";213;5836
"Lethrinus harak";862;19605
"Lethrinus laticaudis";192;15004
"Lethrinus lentjan";1550;30338
"Lethrinus microdon";331;8526
"Lethrinus miniatus";1024;26430
"Lethrinus nebulosus";1943;57076
"Lethrinus obsoletus";409;11751
"Lethrinus olivaceus";395;6535
"Lethrinus ornatus";249;4771
"Lethrinus rubrioperculatus";365;6442
"Lethrinus variegatus";256;5684
"Lethrinus xanthochilus";292;5584
"Leviprora inops";68;1898
"Limnichthys fasciatus";50;2215
"Liparis montagui";238;6436
"Lipophrys pholis";2483;114991
"Lithognathus lithognathus";655;27635
"Lithognathus mormyrus";2724;70927
"Lotella rhacina";149;3876
"Lotilia graciliosa";49;1507
"Lucayablennius zingaro";80;1774
"Lutjanus alexandrei";199;4698
"Lutjanus analis";2481;47353
"Lutjanus apodus";1464;45840
"Lutjanus aratus";151;2235
"Lutjanus argentimaculatus";3324;69598
"Lutjanus argentiventris";993;18150
"Lutjanus biguttatus";158;2051
"Lutjanus bohar";1536;39961
"Lutjanus boutton";73;883
"Lutjanus campechanus";4186;119356
"Lutjanus carponotatus";955;32300
"Lutjanus cyanopterus";1009;19708
"Lutjanus decussatus";302;5943
"Lutjanus ehrenbergii";347;8070
"Lutjanus erythropterus";1065;16140
"Lutjanus fulviflamma";1214;24254
"Lutjanus fulvus";1069;26806
"Lutjanus gibbus";1021;25757
"Lutjanus griseus";3537;114228
"Lutjanus guttatus";1707;22924
"Lutjanus inermis";118;1386
"Lutjanus jocu";1322;30069
"Lutjanus johnii";1208;19459
"Lutjanus jordani";118;1664
"Lutjanus kasmira";1666;54512
"Lutjanus lemniscatus";185;3208
"Lutjanus lutjanus";648;7986
"Lutjanus mahogoni";464;16181
"Lutjanus monostigma";543;13274
"Lutjanus novemfasciatus";355;6089
"Lutjanus quinquelineatus";349;7388
"Lutjanus rivulatus";600;9822
"Lutjanus rufolineatus";92;1577
"Lutjanus russellii";1070;22523
"Lutjanus sebae";1165;25640
"Lutjanus semicinctus";96;2261
"Lutjanus synagris";2762;54098
"Lutjanus viridis";175;3808
"Lutjanus vitta";1183;28577
"Luzonichthys waitei";31;909
"Luzonichthys whitleyi";25;335
"Lythrypnus dalli";819;33429
"Lythrypnus gilberti";15;581
"Lythrypnus insularis";4;61
"Macolor macularis";202;3791
"Macolor niger";417;8889
"Macrodontogobius wilburi";40;855
"Macropharyngodon bipartitus";84;2032
"Macropharyngodon choati";36;1959
"Macropharyngodon geoffroy";71;2701
"Macropharyngodon kuiteri";18;734
"Macropharyngodon meleagris";166;4756
"Macropharyngodon negrosensis";71;2614
"Macropharyngodon ornatus";34;708
"Malacanthus brevirostris";187;4840
"Malacanthus latovittatus";158;3409
"Malacanthus plumieri";649;22919
"Malacoctenus boehlkei";66;1250
"Malacoctenus ebisui";47;1089
"Malacoctenus hubbsi";102;2641
"Malacoctenus macropus";137;4503
"Malacoctenus margaritae";33;455
"Malacoctenus tetranemus";48;1182
"Malacoctenus triangulatus";213;7326
"Malacoctenus zonifer";47;983
"Malacoctenus zonogaster";13;160
"Manonichthys splendens";17;418
"Maxillicosta scabriceps";43;1023
"Mccoskerichthys sandae";26;711
"Mecaenichthys immaculatus";30;1179
"Medialuna californiensis";335;17312
"Megalops atlanticus";2599;89533
"Meiacanthus abruptus";2;8
"Meiacanthus atrodorsalis";177;5172
"Meiacanthus bundoon";9;470
"Meiacanthus crinitus";13;637
"Meiacanthus ditrema";27;567
"Meiacanthus grammistes";128;3393
"Meiacanthus kamoharai";29;539
"Meiacanthus lineatus";36;1784
"Meiacanthus luteus";11;242
"Meiacanthus mossambicus";26;473
"Meiacanthus naevius";7;76
"Meiacanthus nigrolineatus";113;4537
"Meiacanthus oualanensis";18;431
"Meiacanthus phaeus";15;175
"Meiacanthus smithi";32;996
"Meiacanthus tongaensis";4;149
"Melanogrammus aeglefinus";14652;524094
"Melichthys indicus";108;1519
"Melichthys niger";872;24318
"Melichthys vidua";357;8453
"Mendosoma lineatum";61;872
"Meuschenia australis";77;2095
"Meuschenia flavolineata";67;1667
"Meuschenia freycineti";292;9008
"Meuschenia galii";57;1371
"Meuschenia hippocrepis";126;2623
"Meuschenia scaber";431;18728
"Meuschenia trachylepis";126;5251
"Meuschenia venusta";34;914
"Microcanthus strigatus";414;11291
"Microgobius microlepis";32;670
"Microlepidotus brevipinnis";142;1870
"Microspathodon bairdii";136;2228
"Microspathodon chrysurus";848;34141
"Microspathodon dorsalis";334;14598
"Mimoblennius lineathorax";3;75
"Mola mola";3727;103599
"Molva molva";2102;58052
"Monacanthus chinensis";403;12165
"Monacanthus tuckeri";198;11731
"Monodactylus argenteus";855;23227
"Monotaxis grandoculis";834;22348
"Monotaxis heterodon";31;226
"Morwong ephippium";2;3
"Morwong fuscus";144;8233
"Mugil cephalus";22909;653457
"Mugil curema";4460;82060
"Mugil galapagensis";38;1091
"Mulloidichthys dentatus";256;4990
"Mulloidichthys flavolineatus";1086;34539
"Mulloidichthys martinicus";709;19569
"Mulloidichthys mimicus";30;479
"Mulloidichthys vanicolensis";567;10672
"Mullus argentinae";265;4418
"Mullus surmuletus";4836;136470
"Muraena argus";57;664
"Muraena augusti";151;1934
"Muraena clepsydra";56;791
"Muraena helena";1368;31114
"Muraena lentiginosa";188;3446
"Mycteroperca bonaci";1667;36145
"Mycteroperca fusca";222;7437
"Mycteroperca interstitialis";488;14355
"Mycteroperca jordani";198;7749
"Mycteroperca microlepis";2166;75808
"Mycteroperca olfax";204;6010
"Mycteroperca rosacea";835;28067
"Mycteroperca tigris";632;19983
"Mycteroperca xenarcha";210;6161
"Myoxocephalus scorpius";4708;182169
"Myrichthys maculosus";197;6788
"Myrichthys tigrinus";96;2843
"Myripristis adusta";176;3424
"Myripristis amaena";165;4859
"Myripristis berndti";650;22194
"Myripristis clarionensis";6;102
"Myripristis earlei";15;198
"Myripristis gildi";9;84
"Myripristis hexagona";103;2404
"Myripristis jacobus";629;21273
"Myripristis kochiensis";14;543
"Myripristis kuntee";294;7852
"Myripristis leiognathus";187;3867
"Myripristis murdjan";470;9582
"Myripristis pralinia";119;3237
"Myripristis randalli";11;277
"Myripristis tiki";20;343
"Myripristis violacea";202;5975
"Myripristis vittata";94;2609
"Nannosalarias nativitatis";28;1018
"Naso annulatus";292;8695
"Naso brachycentron";179;3399
"Naso brevirostris";573;14537
"Naso caeruleacauda";28;445
"Naso caesius";90;1757
"Naso elegans";90;1298
"Naso fageni";48;572
"Naso hexacanthus";453;11307
"Naso lituratus";1094;37381
"Naso thynnoides";102;1882
"Naso tonganus";121;3763
"Naso unicornis";1411;40722
"Naso vlamingii";495;15614
"Neatypus obliquus";74;1313
"Nectamia similis";7;182
"Nelusetta ayraud";218;5049
"Nemadactylus bergi";277;5680
"Nemadactylus douglasii";189;8060
"Nemadactylus macropterus";975;38298
"Nemadactylus valenciennesi";137;4121
"Nemateleotris magnifica";207;4267
"Neocirrhites armatus";114;3545
"Neoditrema ransonnetii";202;5628
"Neoglyphidodon bonang";20;375
"Neoglyphidodon carlsoni";11;150
"Neoglyphidodon crossi";28;410
"Neoglyphidodon melas";374;11788
"Neoglyphidodon nigroris";237;5415
"Neoglyphidodon oxyodon";50;859
"Neoglyphidodon polyacanthus";37;946
"Neoglyphidodon thoracotaeniatus";22;238
"Neomyxus leuciscus";84;1401
"Neoniphon argenteus";117;2690
"Neoniphon marianus";174;4910
"Neoniphon opercularis";101;2351
"Neoniphon sammara";465;11666
"Neoodax balteatus";130;4265
"Neopomacentrus anabatoides";48;971
"Neopomacentrus aquadulcis";5;6
"Neopomacentrus azysron";287;14801
"Neopomacentrus bankieri";99;3470
"Neopomacentrus cyanomos";269;6785
"Neopomacentrus filamentosus";79;3053
"Neopomacentrus metallicus";13;211
"Neopomacentrus miryae";77;2962
"Neopomacentrus nemurus";88;2116
"Neopomacentrus violascens";60;842
"Neosebastes pandus";52;1183
"Neosebastes scorpaenoides";83;3248
"Nesogobius hinsbyi";17;539
"Nesogobius pulchellus";34;1302
"Nexilosus latifrons";45;1614
"Nicholsina denticulata";150;2965
"Notocirrhitus splendens";31;679
"Notoclinops segmentatus";69;2191
"Notoclinops yaldwyni";30;763
"Notoclinus fenestratus";37;1304
"Notolabrus celidotus";862;42533
"Notolabrus cinctus";59;1105
"Notolabrus fucicola";414;13494
"Notolabrus gymnogenis";104;4374
"Notolabrus inscriptus";42;1015
"Notolabrus parilus";164;3391
"Notolabrus tetricus";366;14210
"Novaculichthys taeniourus";429;11589
"Oblada melanura";1703;46390
"Ocyurus chrysurus";2868;78829
"Odax cyanoallix";33;1363
"Odax pullus";429;16492
"Odontoscion dentex";335;10720
"Odontoscion eurymesops";12;649
"Odontoscion xanthops";48;481
"Odonus niger";687;15208
"Ogcocephalus darwini";34;822
"Ogilbia cocoensis";4;29
"Ogilbia galapagosensis";27;1112
"Ogilbichthys ferocis";4;43
"Ogilbyina novaehollandiae";21;761
"Ogilbyina queenslandiae";15;1047
"Olisthops cyanomelas";292;10270
"Oman ypsilon";11;110
"Omegophora armilla";52;1011
"Omegophora cyanopunctata";11;284
"Omobranchus aurosplendidus";0;0
"Omobranchus germaini";29;921
"Omobranchus mekranensis";13;148
"Omobranchus smithi";10;1604
"Ophioblennius atlanticus";627;29824
"Ophioblennius clippertonensis";7;140
"Ophioblennius steindachneri";279;6971
"Ophiodon elongatus";2956;109689
"Ophthalmolepis lineolata";178;6222
"Opisthocentrus ocellatus";137;1630
"Opisthocentrus tenuis";54;636
"Opisthocentrus zonope";49;316
"Opistognathus aurifrons";301;13392
"Opistognathus darwiniensis";13;229
"Opistognathus randalli";3;91
"Oplegnathus conwayi";52;1477
"Oplegnathus insignis";93;1624
"Optivus agastos";6;142
"Orthonopias triacis";100;2885
"Orthopristis forbesi";22;1447
"Ostorhinchus angustatus";165;3934
"Ostorhinchus apogonoides";131;2610
"Ostorhinchus aureus";246;4041
"Ostorhinchus capricornis";7;146
"Ostorhinchus chrysotaenia";32;1115
"Ostorhinchus doederleini";346;11424
"Ostorhinchus fasciatus";382;7371
"Ostorhinchus flavus";5;33
"Ostorhinchus limenus";37;450
"Ostorhinchus luteus";7;119
"Ostorhinchus multilineatus";15;249
"Ostorhinchus nigrofasciatus";131;3007
"Ostorhinchus norfolcensis";4;65
"Ostorhinchus notatus";133;5057
"Ostorhinchus parvulus";19;767
"Ostorhinchus properuptus";63;1321
"Ostorhinchus rubrimacula";21;336
"Ostorhinchus schlegeli";5;35
"Ostorhinchus sealei";27;587
"Ostorhinchus urostigmus";2;9
"Ostorhinchus victoriae";27;457
"Ostorhinchus wassinki";19;672
"Ostracion cubicum";625;15102
"Ostracion cyanurus";48;1025
"Ostracion immaculatum";10;774
"Ostracion meleagris";643;19587
"Ostracion solorense";0;0
"Ostracion whitleyi";29;712
"Othos dentex";99;3643
"Oxycercichthys veliferus";6;22
"Oxycheilinus bimaculatus";201;6131
"Oxycheilinus celebicus";89;3169
"Oxycheilinus digramma";381;12505
"Oxycheilinus mentalis";44;1292
"Oxycheilinus orientalis";126;6232
"Oxycheilinus unifasciatus";208;6490
"Oxycirrhites typus";223;5881
"Oxyjulis californica";483;19814
"Oxylebius pictus";447;21461
"Oxymonacanthus longirostris";446;14481
"Pachymetopon aeneum";138;3689
"Pachymetopon blochii";294;8875
"Pachymetopon grande";165;5008
"Pagellus acarne";1960;44781
"Pagellus erythrinus";3768;79077
"Pagrus auratus";9260;371289
"Pagrus auriga";704;15932
"Pagrus pagrus";6720;160800
"Parablennius gattorugine";718;17762
"Parablennius incognitus";355;9190
"Parablennius intermedius";30;653
"Parablennius laticlavius";61;2221
"Parablennius marmoreus";299;6289
"Parablennius pilicornis";480;8063
"Parablennius rouxi";306;7520
"Parablennius sanguinolentus";900;25859
"Parablennius serratolineatus";6;231
"Parablennius tasmanianus";66;1375
"Parablennius zvonimiri";238;3671
"Paracaesio xanthura";158;2984
"Paracanthurus hepatus";604;12883
"Paracentropyge multifasciata";81;1895
"Parachaetodon ocellatus";177;3035
"Paracheilinus cyaneus";7;557
"Paracheilinus octotaenia";41;1051
"Paracirrhites arcatus";479;100104
"Paracirrhites forsteri";391;8269
"Paracirrhites hemistictus";72;1104
"Paracirrhites nisus";12;224
"Paracirrhites xanthus";14;269
"Paradiancistrus cuyoensis";2;27
"Paragobiodon echinocephalus";294;10742
"Paragobiodon xanthosoma";156;5307
"Parajulis poecilepterus";494;12609
"Paralabrax albomaculatus";64;4477
"Paralabrax auroguttatus";127;1462
"Paralabrax clathratus";1427;55593
"Paralabrax maculatofasciatus";1332;25491
"Paralabrax nebulifer";833;42583
"Paraluteres prionurus";135;3841
"Paramonacanthus japonicus";186;4471
"Paranotothenia magellanica";341;12742
"Paranthias colonus";346;6343
"Paranthias furcifer";540;15893
"Parapercis australis";34;5090
"Parapercis clathrata";143;3389
"Parapercis colias";1005;41298
"Parapercis haackei";65;1233
"Parapercis lineopunctata";12;166
"Parapercis millepunctata";87;1661
"Parapercis multiplicata";19;689
"Parapercis pacifica";13;390
"Parapercis queenslandica";3;19
"Parapercis ramsayi";29;623
"Parapercis schauinslandii";64;1584
"Parapercis snyderi";118;3040
"Parapercis stricticeps";14;345
"Parapercis tetracantha";29;746
"Parapercis xanthogramma";0;0
"Parapercis xanthozona";62;1617
"Paraplesiops bleekeri";33;638
"Paraplesiops meleagris";74;1702
"Paraplesiops poweri";9;183
"Paraplotosus butleri";10;109
"Parapriacanthus dispar";6;111
"Parapriacanthus elongatus";61;1169
"Parapriacanthus ransonneti";157;3434
"Parapristipoma octolineatum";154;2986
"Parapristipoma trilineatum";672;12861
"Parascorpis typus";32;666
"Paratrachichthys trailli";71;1570
"Pareques acuminatus";498;14660
"Pareques perissa";5;81
"Pareques viola";88;3707
"Parequula melbournensis";198;4538
"Paristiopterus gallipavo";36;613
"Paristiopterus labiosus";58;1847
"Parma alboscapularis";63;2622
"Parma bicolor";13;309
"Parma kermadecensis";21;442
"Parma mccullochi";73;4565
"Parma microlepis";363;15129
"Parma occidentalis";40;1143
"Parma oligolepis";30;1165
"Parma polylepis";42;1307
"Parma unifasciata";59;2563
"Parma victoriae";207;5136
"Parupeneus barberinoides";171;4581
"Parupeneus barberinus";798;15320
"Parupeneus chrysopleuron";91;1756
"Parupeneus ciliatus";218;5077
"Parupeneus crassilabris";51;709
"Parupeneus cyclostomus";518;9997
"Parupeneus forsskali";302;8741
"Parupeneus heptacanthus";474;9931
"Parupeneus indicus";570;11614
"Parupeneus insularis";75;962
"Parupeneus macronemus";283;4960
"Parupeneus multifasciatus";615;11083
"Parupeneus pleurostigma";291;6978
"Parupeneus porphyreus";347;14401
"Parupeneus spilurus";261;6202
"Patagonotothen cornucola";107;4225
"Patagonotothen guntheri";137;9215
"Patagonotothen tessellata";193;6900
"Patagonotothen wiltoni";37;411
"Pelates octolineatus";151;4757
"Pelates quadrilineatus";670;19809
"Pelsartia humeralis";88;2631
"Pempheris adspersa";106;2280
"Pempheris adusta";70;1119
"Pempheris affinis";25;635
"Pempheris analis";38;1205
"Pempheris compressa";32;1227
"Pempheris klunzingeri";95;1877
"Pempheris mangula";45;791
"Pempheris molucca";45;841
"Pempheris multiradiata";116;3250
"Pempheris ornata";10;183
"Pempheris oualensis";225;4972
"Pempheris schomburgkii";277;9477
"Pempheris schwenkii";121;2394
"Pempheris vanicolensis";338;9778
"Pentaceropsis recurvirostris";114;2044
"Pentapodus aureofasciatus";51;996
"Pentapodus caninus";98;2036
"Pentapodus emeryii";40;779
"Pentapodus paradiseus";157;9022
"Pentapodus porosus";35;1407
"Pentapodus trivittatus";86;1205
"Pentapodus vitta";115;2579
"Pervagor alternans";16;307
"Pervagor aspricaudus";46;1080
"Pervagor janthinosoma";102;1727
"Pervagor marginalis";8;151
"Pervagor melanocephalus";83;2196
"Petroscirtes breviceps";312;6135
"Petroscirtes fallax";31;1778
"Petroscirtes lupus";65;3384
"Petroscirtes mitratus";123;4883
"Phanerodon atripes";94;2105
"Pholidapus dybowskii";151;1472
"Pholidichthys leucotaenia";37;1276
"Pholis crassispina";119;2600
"Pholis gunnellus";1742;50190
"Phyllogobius platycephalops";12;329
"Pictichromis paccagnellae";50;1323
"Pictichromis porphyrea";48;1328
"Pictilabrus laticlavius";174;5461
"Pictilabrus viridis";10;576
"Pinguipes brasilianus";331;7864
"Pinguipes chilensis";266;3493
"Plagiotremus azaleus";202;6940
"Plagiotremus ewaensis";30;1131
"Plagiotremus goslinei";25;1439
"Plagiotremus laudandus";56;1757
"Plagiotremus phenax";19;416
"Plagiotremus rhinorhynchos";331;5548
"Plagiotremus tapeinosoma";248;6405
"Plagiotremus townsendi";33;1549
"Planiliza melinoptera";177;11716
"Platax batavianus";72;1336
"Platax boersii";43;739
"Platax orbicularis";596;16724
"Platax pinnatus";286;7663
"Platax teira";598;9334
"Platycephalus bassensis";714;23131
"Platycephalus endrachtensis";209;7129
"Platycephalus fuscus";625;17677
"Platycephalus laevigatus";151;4875
"Platycephalus richardsoni";347;9149
"Platycephalus speculator";260;9823
"Platygillellus rubellulus";6;35
"Plectorhinchus albovittatus";120;2110
"Plectorhinchus caeruleonothus";9;29
"Plectorhinchus chaetodonoides";281;5935
"Plectorhinchus chrysotaenia";65;1729
"Plectorhinchus diagrammus";68;1391
"Plectorhinchus flavomaculatus";251;4372
"Plectorhinchus gibbosus";484;8157
"Plectorhinchus lessonii";76;1577
"Plectorhinchus lineatus";237;3774
"Plectorhinchus multivittatus";16;385
"Plectorhinchus picus";140;2642
"Plectorhinchus polytaenia";47;824
"Plectorhinchus vittatus";298;5397
"Plectranthias nanus";38;1229
"Plectroglyphidodon dickii";370;11841
"Plectroglyphidodon flaviventris";5;131
"Plectroglyphidodon imparipennis";159;4519
"Plectroglyphidodon johnstonianus";244;8327
"Plectroglyphidodon lacrymatus";511;13476
"Plectroglyphidodon leucozonus";200;4006
"Plectroglyphidodon phoenixensis";56;1422
"Plectropomus areolatus";767;18853
"Plectropomus laevis";570;9980
"Plectropomus leopardus";3965;156425
"Plectropomus maculatus";966;26946
"Plectropomus oligacanthus";137;2073
"Plectropomus pessuliferus";187;2283
"Pleurosicya elongata";6;181
"Pleurosicya mossambica";40;773
"Plotosus canius";710;11279
"Plotosus japonicus";103;2236
"Plotosus lineatus";1780;50097
"Pollachius pollachius";2708;80557
"Pollachius virens";9015;335435
"Polysteganus praeorbitalis";64;1365
"Polysteganus undulosus";159;7618
"Pomacanthus arcuatus";826;23969
"Pomacanthus imperator";851;18845
"Pomacanthus navarchus";66;1688
"Pomacanthus paru";1075;25154
"Pomacanthus semicirculatus";429;11595
"Pomacanthus sexstriatus";213;7548
"Pomacanthus xanthometopon";79;1286
"Pomacanthus zonipectus";328;5563
"Pomacentrus adelus";135;4922
"Pomacentrus albimaculus";10;194
"Pomacentrus alexanderae";85;1877
"Pomacentrus alleni";30;208
"Pomacentrus amboinensis";1463;68386
"Pomacentrus aurifrons";27;481
"Pomacentrus auriventris";42;372
"Pomacentrus australis";45;3039
"Pomacentrus baenschi";28;1214
"Pomacentrus bankanensis";233;8466
"Pomacentrus brachialis";139;3905
"Pomacentrus burroughi";40;839
"Pomacentrus caeruleus";251;6235
"Pomacentrus callainus";7;283
"Pomacentrus chrysurus";528;24114
"Pomacentrus coelestis";857;37623
"Pomacentrus cuneatus";31;514
"Pomacentrus grammorhynchus";58;1873
"Pomacentrus imitator";31;726
"Pomacentrus indicus";24;340
"Pomacentrus lepidogenys";203;7556
"Pomacentrus microspilus";4;33
"Pomacentrus milleri";62;1327
"Pomacentrus moluccensis";1127;59045
"Pomacentrus nagasakiensis";288;11905
"Pomacentrus nigromanus";36;575
"Pomacentrus nigromarginatus";46;971
"Pomacentrus opisthostigma";7;98
"Pomacentrus pavo";325;8770
"Pomacentrus philippinus";151;3455
"Pomacentrus reidi";35;409
"Pomacentrus simsiang";40;443
"Pomacentrus smithi";31;259
"Pomacentrus spilotoceps";11;188
"Pomacentrus sulfureus";141;5351
"Pomacentrus trichrourus";101;2234
"Pomacentrus trilineatus";78;1649
"Pomacentrus tripunctatus";105;3032
"Pomacentrus vaiuli";237;8596
"Pomacentrus wardi";359;21930
"Pomachromis fuscidorsalis";13;314
"Pomachromis richardsoni";90;2308
"Pomadasys incisus";624;15373
"Pomatomus saltatrix";8972;291388
"Pomatoschistus flavescens";1565;54606
"Pomatoschistus minutus";4849;175925
"Pomatoschistus pictus";612;13038
"Porichthys notatus";2912;115283
"Praealticus natalis";9;323
"Premnas biaculeatus";517;16991
"Priacanthus blochii";66;1624
"Priacanthus hamrur";868;16133
"Priolepis ascensionis";11;194
"Prionotus miles";10;139
"Prionurus laticlavius";141;2450
"Prionurus maculatus";72;2240
"Prionurus microlepidotus";151;4126
"Prionurus punctatus";243;5871
"Prionurus scalprum";141;2009
"Pristiapogon exostigma";176;6985
"Pristiapogon kallopterus";256;8196
"Pristicon trimaculatus";98;2763
"Prognathodes aculeatus";239;5477
"Prognathodes falcifer";80;2768
"Prolatilus jugularis";193;2966
"Psammoperca waigiensis";337;7579
"Pseudanthias bicolor";66;2082
"Pseudanthias dispar";79;1653
"Pseudanthias evansi";70;1419
"Pseudanthias hiva";6;80
"Pseudanthias huchtii";52;1082
"Pseudanthias hypselosoma";61;1320
"Pseudanthias ignitus";14;228
"Pseudanthias lori";37;1106
"Pseudanthias mooreanus";8;118
"Pseudanthias olivaceus";20;198
"Pseudanthias pascalus";90;2132
"Pseudanthias pictilis";21;579
"Pseudanthias pleurotaenia";72;1707
"Pseudanthias regalis";9;249
"Pseudanthias rubrizonatus";48;1051
"Pseudanthias squamipinnis";892;42420
"Pseudanthias taeniatus";38;1023
"Pseudanthias tuka";72;1641
"Pseudobalistes flavimarginatus";338;6045
"Pseudobalistes fuscus";347;8046
"Pseudobalistes naufragium";223;5213
"Pseudoblennius cottoides";249;3401
"Pseudocaranx dentex";2909;78141
"Pseudocaranx wrighti";129;2847
"Pseudocheilinops ataenia";9;601
"Pseudocheilinus evanidus";168;5769
"Pseudocheilinus hexataenia";325;7848
"Pseudocheilinus ocellatus";27;672
"Pseudocheilinus octotaenia";158;4500
"Pseudocheilinus tetrataenia";71;1271
"Pseudochromis ammeri";4;24
"Pseudochromis bitaeniatus";15;572
"Pseudochromis cyanotaenia";42;1248
"Pseudochromis elongatus";6;365
"Pseudochromis flavivertex";103;2030
"Pseudochromis fridmani";138;6362
"Pseudochromis fuscus";379;14101
"Pseudochromis marshallensis";33;1326
"Pseudochromis olivaceus";25;799
"Pseudochromis pesi";11;225
"Pseudochromis springeri";25;430
"Pseudochromis wilsoni";11;190
"Pseudocoris aurantiofasciata";21;679
"Pseudocoris bleekeri";18;558
"Pseudocoris yamashiroi";83;3970
"Pseudodax moluccanus";173;4715
"Pseudogoniistius nigripes";86;2972
"Pseudojuloides atavai";29;901
"Pseudojuloides cerasinus";115;4145
"Pseudojuloides elongatus";33;538
"Pseudolabrus biserialis";49;1433
"Pseudolabrus fuentesi";19;479
"Pseudolabrus guentheri";64;2375
"Pseudolabrus luculentus";77;4033
"Pseudolabrus miles";164;4775
"Pseudolabrus rubicundus";86;3003
"Pseudolabrus semifasciatus";8;334
"Pseudolabrus sieboldi";256;5450
"Pseudopercis semifasciata";580;12362
"Pseudophycis bachus";628;18252
"Pseudophycis barbata";335;15559
"Pseudotolithus senegalensis";511;5935
"Pseudupeneus grandisquamis";265;2944
"Pseudupeneus maculatus";1160;34335
"Pseudupeneus prayensis";434;8312
"Psilotris boehlkei";11;178
"Pteragogus aurigarius";34;601
"Pteragogus cryptus";77;3694
"Pteragogus enneacanthus";47;1729
"Pteragogus flagellifer";162;3486
"Pterapogon kauderni";579;16010
"Ptereleotris calliura";75;1550
"Ptereleotris evides";226;3713
"Ptereleotris hanae";49;839
"Ptereleotris heteroptera";92;2710
"Ptereleotris microlepis";125;2963
"Ptereleotris monoptera";23;809
"Ptereleotris zebra";79;1869
"Pterocaesio chrysozona";259;5028
"Pterocaesio digramma";317;8122
"Pterocaesio marri";161;4355
"Pterocaesio pisang";211;4552
"Pterocaesio randalli";24;674
"Pterocaesio tessellata";42;1125
"Pterocaesio tile";429;9604
"Pterocaesio trilineata";99;1834
"Pterogobius zacalles";48;489
"Pterogymnus laniarius";255;8644
"Pterois antennata";316;6217
"Pterois miles";1186;23213
"Pterois radiata";201;4809
"Pterois volitans";3770;134957
"Pygoplites diacanthus";515;13617
"Quassiremus evionthas";11;371
"Rachycentron canadum";10036;263509
"Rastrelliger kanagurta";5034;96772
"Remora remora";862;22778
"Repomucenus calcaratus";42;703
"Rhabdamia gracilis";177;5109
"Rhabdosargus holubi";776;44112
"Rhabdosargus sarba";3751;105728
"Rhacochilus toxotes";224;6630
"Rhacochilus vacca";802;26858
"Rhinecanthus aculeatus";941;26651
"Rhinecanthus assasi";91;1421
"Rhinecanthus lunula";25;592
"Rhinecanthus rectangulus";284;6228
"Rhinecanthus verrucosus";118;1653
"Rhinogobiops nicholsii";632;23629
"Rhinomuraena quaesita";165;5609
"Rhomboplites aurorubens";1598;34031
"Rhycherus filamentosus";22;241
"Rhynchostracion nasus";90;1653
"Ruanoho whero";57;2033
"Rypticus bicolor";135;4452
"Rypticus courtenayi";10;60
"Rypticus nigripinnis";114;1741
"Rypticus saponaceus";464;13480
"Salarias alboguttatus";17;301
"Salarias ceramensis";10;472
"Salarias fasciatus";271;9645
"Salarias guttatus";24;828
"Salarias segmentatus";5;145
"Salmo salar";27278;1125739
"Sanopus astrifer";39;783
"Sanopus reticulatus";21;258
"Sanopus splendidus";28;462
"Sarda australis";131;3727
"Sarda orientalis";929;15027
"Sarda sarda";4094;78427
"Sardina pilchardus";15884;445948
"Sardinella aurita";7214;156732
"Sardinops sagax";16472;548156
"Sargocentron caudimaculatum";257;4083
"Sargocentron cornutum";59;1747
"Sargocentron diadema";364;8764
"Sargocentron hormion";9;88
"Sargocentron ittodai";78;2045
"Sargocentron melanospilos";75;2544
"Sargocentron microstoma";133;3944
"Sargocentron rubrum";722;18652
"Sargocentron spiniferum";497;13386
"Sargocentron suborbitale";166;3199
"Sargocentron tiere";135;3697
"Sargocentron tiereoides";44;1700
"Sargocentron vexillarium";216;10234
"Sargocentron violaceum";72;1907
"Sarpa salpa";3627;114093
"Saurida gracilis";464;15701
"Saurida nebulosa";96;2083
"Scaevius milii";12;44
"Scartella poiti";23;287
"Scartella springeri";8;208
"Scarus altipinnis";229;7948
"Scarus chameleon";148;4857
"Scarus coelestinus";284;9813
"Scarus coeruleus";344;10182
"Scarus compressus";158;2682
"Scarus dimidiatus";189;4020
"Scarus falcipinnis";34;1467
"Scarus ferrugineus";183;9535
"Scarus festivus";86;1844
"Scarus flavipectoralis";149;7117
"Scarus forsteni";254;5302
"Scarus frenatus";492;14061
"Scarus fuscopurpureus";41;656
"Scarus ghobban";1510;34070
"Scarus globiceps";240;6315
"Scarus guacamaia";632;22227
"Scarus iseri";1391;66871
"Scarus koputea";7;170
"Scarus longipinnis";50;1278
"Scarus niger";565;18375
"Scarus oviceps";235;5083
"Scarus perrico";231;5279
"Scarus prasiognathos";154;2590
"Scarus psittacus";634;16419
"Scarus quoyi";147;2384
"Scarus rivulatus";614;20815
"Scarus rubroviolaceus";826;23101
"Scarus russelii";59;1756
"Scarus scaber";114;3421
"Scarus schlegeli";614;19336
"Scarus spinus";135;3715
"Scarus taeniopterus";726;20984
"Scarus tricolor";133;3042
"Scarus trispinosus";262;17644
"Scarus vetula";782;34939
"Scarus viridifucatus";52;1564
"Scarus zelindae";150;4605
"Schuettea scalaripinnis";33;2573
"Schuettea woodwardi";22;988
"Sciaena umbra";1815;44363
"Scobinichthys granulatus";185;5309
"Scolecenchelys breviceps";44;809
"Scolopsis affinis";99;2113
"Scolopsis aurata";51;456
"Scolopsis bilineata";528;14984
"Scolopsis ciliata";174;1944
"Scolopsis frenata";56;1261
"Scolopsis ghanam";150;3593
"Scolopsis lineata";188;3425
"Scolopsis margaritifera";134;2594
"Scolopsis monogramma";191;4972
"Scolopsis temporalis";50;1155
"Scolopsis trilineata";83;1902
"Scolopsis vosmeri";243;2499
"Scolopsis xenochrous";58;1043
"Scomber australasicus";2000;42766
"Scomber colias";1452;32423
"Scomberoides commersonnianus";751;15013
"Scomberoides lysan";855;20691
"Scomberoides tol";478;7540
"Scomberomorus commerson";4133;89031
"Scomberomorus maculatus";2027;51959
"Scomberomorus queenslandicus";247;8808
"Scomberomorus regalis";632;17300
"Scomberomorus sierra";985;14765
"Scombrops boops";226;2884
"Scorpaena ascensionis";7;121
"Scorpaena canariensis";55;723
"Scorpaena cardinalis";152;5553
"Scorpaena guttata";869;27602
"Scorpaena histrio";96;2914
"Scorpaena jacksoniensis";42;287
"Scorpaena maderensis";327;8207
"Scorpaena mellissii";6;81
"Scorpaena mystes";257;4528
"Scorpaena notata";1089;35583
"Scorpaena papillosa";194;6685
"Scorpaena plumieri";865;26405
"Scorpaena porcus";2749;62972
"Scorpaena scrofa";1547;33062
"Scorpaena sumptuosa";22;524
"Scorpaenichthys marmoratus";1149;27850
"Scorpaenodes evides";101;1890
"Scorpaenodes parvipinnis";94;5891
"Scorpaenodes scaber";43;1659
"Scorpaenopsis cirrosa";125;2366
"Scorpaenopsis diabolus";214;5879
"Scorpaenopsis neglecta";59;1391
"Scorpaenopsis oxycephala";101;1638
"Scorpaenopsis papuensis";34;818
"Scorpaenopsis possi";50;807
"Scorpis aequipinnis";179;7151
"Scorpis georgiana";73;2001
"Scorpis lineolata";273;8558
"Scorpis violacea";159;5609
"Sebastapistes cyanostigma";98;3423
"Sebastapistes strongia";94;2276
"Sebastes atrovirens";471;16017
"Sebastes auriculatus";534;17671
"Sebastes carnatus";384;14119
"Sebastes caurinus";1192;41474
"Sebastes chrysomelas";336;8116
"Sebastes flavidus";1233;34869
"Sebastes inermis";1536;32411
"Sebastes maliger";686;14960
"Sebastes mystinus";974;36123
"Sebastes oculatus";253;5035
"Sebastes paucispinis";1480;50967
"Sebastes rastrelliger";453;16894
"Sebastes rosaceus";234;5104
"Sebastes serranoides";434;12795
"Sebastes serriceps";173;4031
"Sebastiscus albofasciatus";39;1116
"Sebastiscus marmoratus";3154;84781
"Selar boops";308;4890
"Selar crumenophthalmus";2599;46127
"Selaroides leptolepis";2068;41453
"Semicossyphus darwini";132;2786
"Semicossyphus pulcher";1359;55949
"Seriola dumerili";7458;247765
"Seriola hippos";190;3960
"Seriola lalandi";5882;207682
"Seriola rivoliana";1710;38855
"Seriolella brama";418;12789
"Serranocirrhitus latus";50;1502
"Serranus atricauda";457;9049
"Serranus baldwini";255;7722
"Serranus cabrilla";2448;71944
"Serranus flaviventris";165;2998
"Serranus psittacinus";284;8055
"Serranus scriba";1937;48778
"Serranus socorroensis";12;49
"Serranus tabacarius";240;11062
"Serranus tico";11;86
"Serranus tigrinus";406;15225
"Serranus tortugarum";217;9265
"Siganus argenteus";838;29575
"Siganus corallinus";243;7100
"Siganus doliatus";410;14458
"Siganus fuscescens";1587;51883
"Siganus guttatus";2253;56123
"Siganus javus";678;11387
"Siganus lineatus";839;25956
"Siganus luridus";1181;34034
"Siganus niger";7;101
"Siganus puelloides";30;722
"Siganus puellus";210;3958
"Siganus punctatissimus";51;1267
"Siganus punctatus";281;6472
"Siganus rivulatus";2781;83013
"Siganus spinus";609;24436
"Siganus stellatus";179;3704
"Siganus trispilos";11;108
"Siganus vermiculatus";288;10162
"Siganus virgatus";262;3153
"Siganus vulpinus";262;5183
"Signigobius biocellatus";61;2356
"Sillaginodes punctatus";950;36366
"Sillago ciliata";806;25655
"Sillago schomburgkii";346;12013
"Similiparma lurida";281;7210
"Siphamia cephalotes";102;4163
"Siphamia roseigaster";60;1493
"Siphonognathus argyrophanes";29;1421
"Siphonognathus attenuatus";31;1106
"Siphonognathus beddomei";55;2238
"Siphonognathus caninis";25;713
"Siphonognathus radiatus";49;1687
"Sparisoma amplum";230;4660
"Sparisoma atomarium";302;8964
"Sparisoma aurofrenatum";922;32969
"Sparisoma axillare";341;6629
"Sparisoma chrysopterum";603;20842
"Sparisoma cretense";1105;22827
"Sparisoma frondosum";279;7927
"Sparisoma radians";1029;44699
"Sparisoma rubripinne";681;28328
"Sparisoma viride";1966;82669
"Sparodon durbanensis";222;7265
"Sphaeramia nematoptera";131;5252
"Sphoeroides annulatus";1149;18767
"Sphoeroides lobatus";228;3091
"Sphoeroides marmoratus";187;4121
"Sphoeroides spengleri";865;23432
"Sphyraena barracuda";4408;121681
"Sphyraena ensis";340;6168
"Sphyraena flavicauda";373;10232
"Sphyraena helleri";79;2287
"Sphyraena idiastes";109;3201
"Sphyraena jello";1035;21899
"Sphyraena novaehollandiae";180;4150
"Sphyraena obtusata";738;14300
"Sphyraena putnamae";140;1456
"Sphyraena qenie";260;6622
"Sphyraena viridensis";431;7901
"Spicara maena";1708;36323
"Spondyliosoma cantharus";2270;66434
"Spondyliosoma emarginatum";192;6013
"Spratelloides gracilis";633;19485
"Spratelloides robustus";233;7070
"Springeratus polyporatus";4;77
"Squamicreedia obtusa";10;99
"Stanulus talboti";20;556
"Starksia galapagensis";12;177
"Stegastes acapulcoensis";274;27818
"Stegastes adustus";575;18248
"Stegastes albifasciatus";134;5989
"Stegastes altus";49;1173
"Stegastes apicalis";150;7988
"Stegastes arcifrons";77;2177
"Stegastes aureus";37;688
"Stegastes beebei";77;2429
"Stegastes diencaeus";470;12158
"Stegastes emeryi";8;95
"Stegastes fasciolatus";641;29989
"Stegastes flavilatus";199;3381
"Stegastes fuscus";763;21583
"Stegastes gascoynei";47;565
"Stegastes insularis";32;721
"Stegastes leucorus";89;3717
"Stegastes leucostictus";1145;47873
"Stegastes nigricans";893;29256
"Stegastes obreptus";59;1156
"Stegastes partitus";3016;106867
"Stegastes pictus";118;5305
"Stegastes planifrons";1244;72157
"Stegastes punctatus";39;518
"Stegastes rectifraenum";380;12408
"Stegastes redemptus";14;302
"Stegastes variabilis";675;18833
"Stephanolepis cirrhifer";1040;20616
"Stephanolepis hispida";1089;28699
"Stereolepis gigas";357;19744
"Stethojulis albovittata";136;4477
"Stethojulis balteata";160;5813
"Stethojulis bandanensis";346;11338
"Stethojulis interrupta";209;5113
"Stethojulis marquesensis";4;50
"Stethojulis strigiventer";277;8507
"Stethojulis terina";43;1014
"Stethojulis trilineata";132;4029
"Stichaeus punctatus";256;8410
"Stygnobrotula latebricola";39;662
"Suezichthys arquatus";34;1290
"Suezichthys aylingi";37;1935
"Suezichthys cyanolaemus";18;269
"Suezichthys devisi";9;242
"Sufflamen albicaudatum";55;986
"Sufflamen bursa";338;4757
"Sufflamen chrysopterum";398;7919
"Sufflamen fraenatum";441;8718
"Sufflamen verres";295;7707
"Symphodus cinereus";680;18460
"Symphodus doderleini";228;6646
"Symphodus mediterraneus";529;17123
"Symphodus melops";1754;56539
"Symphodus ocellatus";1226;37379
"Symphodus roissali";634;15978
"Symphodus rostratus";470;12280
"Symphodus tinca";1187;31134
"Symphodus trutta";119;1738
"Symphorichthys spilurus";96;2624
"Symphorus nematophorus";220;7807
"Synanceia horrida";575;23125
"Synanceia verrucosa";640;17520
"Synchiropus bartelsi";10;370
"Synchiropus morrisoni";23;634
"Synchiropus moyeri";32;492
"Synchiropus splendidus";218;6046
"Synchiropus stellatus";30;539
"Synchirus gilli";76;2409
"Synodus binotatus";93;2534
"Synodus capricornis";24;596
"Synodus dermatogenys";201;6657
"Synodus doaki";31;1153
"Synodus intermedius";505;25022
"Synodus jaculum";84;1785
"Synodus lacertinus";121;2216
"Synodus rubromarmoratus";28;968
"Synodus sageneus";40;1528
"Synodus saurus";812;19048
"Synodus synodus";312;7372
"Synodus ulae";80;2152
"Synodus variegatus";600;22297
"Taenianotus triacanthus";141;5016
"Taurulus bubalis";1157;44383
"Tautoga onitis";1691;83224
"Tautogolabrus adspersus";2244;107386
"Tetractenos glaber";295;9216
"Thalassoma amblycephalum";400;9948
"Thalassoma bifasciatum";3566;186679
"Thalassoma cupido";166;5427
"Thalassoma duperrey";780;30709
"Thalassoma grammaticum";108;1800
"Thalassoma hardwicke";599;17596
"Thalassoma hebraicum";95;2317
"Thalassoma heiseri";10;239
"Thalassoma jansenii";176;4867
"Thalassoma lucasanum";502;17272
"Thalassoma lunare";1036;34033
"Thalassoma lutescens";366;10853
"Thalassoma nigrofasciatum";35;492
"Thalassoma pavo";1248;33549
"Thalassoma purpureum";320;6249
"Thalassoma quinquevittatum";205;7363
"Thalassoma robertsoni";27;522
"Thalassoma rueppellii";112;2571
"Thalassoma septemfasciatum";14;304
"Thalassoma trilobatum";174;4570
"Thalassoma virens";16;502
"Thamnaconus analis";20;395
"Thorogobius ephippiatus";330;6799
"Thunnus albacares";2447;56182
"Thyrsites atun";1728;45115
"Thysanophrys cirronasus";9;87
"Tigrigobius harveyi";0;0
"Tigrigobius nesiotes";14;396
"Tigrigobius redimiculus";14;206
"Tigrigobius saucrus";19;497
"Tilodon sexfasciatus";87;1128
"Tomicodon bidens";3;80
"Torquigener pleurogramma";247;7687
"Torquigener squamicauda";13;300
"Totoaba macdonaldi";1220;50351
"Trachichthys australis";38;1800
"Trachinops brauni";15;456
"Trachinops caudimaculatus";77;2893
"Trachinops noarlungae";55;649
"Trachinops taeniatus";95;2965
"Trachinotus anak";15;332
"Trachinotus baillonii";297;5291
"Trachinotus blochii";2645;50332
"Trachinotus ovatus";3348;120400
"Trachinotus rhodopus";263;6874
"Trachinotus stilbe";28;660
"Trachinus draco";1865;43582
"Trachurus declivis";820;23923
"Trachurus indicus";96;2408
"Trachurus japonicus";3713;89903
"Trachurus novaezelandiae";735;19426
"Trachurus symmetricus";3053;114531
"Trachurus trachurus";10538;250823
"Trachypoma macracanthus";50;1225
"Tragulichthys jaculiferus";95;2349
"Trianectes bucephalus";9;70
"Tridentiger trigonocephalus";999;12816
"Trimma benjamini";38;660
"Trimma caesiura";59;1921
"Trimma lantana";11;225
"Trimma okinawae";369;11630
"Trimma striatum";20;979
"Trinorfolkia clarkei";37;388
"Trinorfolkia cristata";14;130
"Tripterygion delaisi";490;15195
"Tripterygion melanurus";70;1899
"Trisopterus minutus";2145;65465
"Tylosurus crocodilus";980;25528
"Ucla xenogrammus";42;1363
"Ulua mentalis";130;3620
"Umbrina galapagorum";10;90
"Upeneichthys lineatus";277;11161
"Upeneichthys vlamingii";152;2427
"Upeneus moluccensis";1190;31118
"Upeneus tragula";1018;30060
"Uraspis helvola";201;2937
"Valenciennea alleni";3;13
"Valenciennea helsdingenii";69;1506
"Valenciennea immaculata";18;176
"Valenciennea longipinnis";172;5947
"Valenciennea muralis";72;1532
"Valenciennea parva";14;377
"Valenciennea puellaris";89;1725
"Valenciennea randalli";11;271
"Valenciennea sexguttata";91;2484
"Valenciennea strigata";272;5438
"Variola albimarginata";279;4390
"Variola louti";1022;21699
"Verulux cypselurus";89;2113
"Vincentia conspersa";80;1512
"Vincentia novaehollandiae";12;146
"Vladichthys gloverensis";16;274
"Xanthichthys mento";144;2597
"Xenichthys agassizii";24;542
"Xenocys jessiae";40;948
"Xyrichtys novacula";879;30396
"Xyrichtys victori";13;577
"Xyrichtys wellingtoni";13;309
"Zabidius novemaculeatus";25;611
"Zanclistius elevatus";50;935
"Zanclus cornutus";1217;31333
"Zebrasoma desjardinii";172;2785
"Zebrasoma flavescens";883;33100
"Zebrasoma rostratum";54;1724
"Zebrasoma scopas";830;29400
"Zebrasoma velifer";420;13864
"Zebrasoma xanthurum";197;3622
"Zeus faber";2847;68611
"Zoarchias veneficus";18;278
"Zoramia fragilis";82;3370
"Zoramia leptacantha";136;3400
"Zoramia viridiventer";14;172
